Description,Population in 2016,RadiusInPixelsRange10-20,FillBlues,WKT
"New York, NY",8537673,8537673,1,POINT (40.7127837 -74.0059413)
"Philadelphia, PA",1567872,1567872,3,POINT (39.9525839 -75.1652215)
"Ann Arbor, MI",120782,120782,5,POINT (42.2808256 -83.7430378)
"Mansfield, MO",1261,1261,7,POINT (37.1067189 -92.5807231)
"From Mansfield, MO to Ann Arbor, MI",,,,"LINESTRING (37.1067189 -92.5807231, 42.2808256 -83.7430378)"
