Description,FillBlues,RadiusInPixelsRange10-20,WKT
"New York, NY",1,8537673,POINT (40.7127837 -74.0059413)
"Philadelphia, PA",3,1567872,POINT (39.9525839 -75.1652215)
"Ann Arbor, MI",5,120782,POINT (42.2808256 -83.7430378)
"Mansfield, MO",7,1261,POINT (37.1067189 -92.5807231)
"From Mansfield, MO to Ann Arbor, MI",,,"LINESTRING (37.1067189 -92.5807231, 42.2808256 -83.7430378)"
