Description,Level,WKT
Y,9,"POINT(-73.8979288830126 40.8610176767735)"
BS,7,"POINT(-73.9891391691363 40.7332101565336)"
PC-BS-Y,7.33,"LINESTRING (-73.9929040802707 40.7529424605577, -73.9891391691363 40.7332101565336, -73.8979288830126 40.8610176767735)"
PC-JA-LCL,8,"POLYGON ((-73.9929040802707 40.7529424605577, -73.9899024559513 40.7441782553497, -73.9863395026542 40.7491760758241, -73.9929040802707 40.7529424605577))"